cloud.google.com/go/compute/metadata,https://github.com/googleapis/google-cloud-go/blob/compute/metadata/v0.7.0/compute/metadata/LICENSE,Apache-2.0
github.com/AlessandroPomponio/go-gibberish,https://github.com/AlessandroPomponio/go-gibberish/blob/a2d4156f0396/LICENSE,MIT
github.com/GoogleCloudPlatform/opentelemetry-operations-go/detectors/gcp,https://github.com/GoogleCloudPlatform/opentelemetry-operations-go/blob/detectors/gcp/v1.29.0/detectors/gcp/LICENSE,Apache-2.0
github.com/aws/aws-sdk-go-v2,https://github.com/aws/aws-sdk-go-v2/blob/v1.38.1/LICENSE.txt,Apache-2.0
github.com/aws/aws-sdk-go-v2/config,https://github.com/aws/aws-sdk-go-v2/blob/config/v1.31.2/config/LICENSE.txt,Apache-2.0
github.com/aws/aws-sdk-go-v2/credentials,https://github.com/aws/aws-sdk-go-v2/blob/credentials/v1.18.6/credentials/LICENSE.txt,Apache-2.0
github.com/aws/aws-sdk-go-v2/feature/ec2/imds,https://github.com/aws/aws-sdk-go-v2/blob/feature/ec2/imds/v1.18.4/feature/ec2/imds/LICENSE.txt,Apache-2.0
github.com/aws/aws-sdk-go-v2/internal/configsources,https://github.com/aws/aws-sdk-go-v2/blob/internal/configsources/v1.4.4/internal/configsources/LICENSE.txt,Apache-2.0
github.com/aws/aws-sdk-go-v2/internal/endpoints/v2,https://github.com/aws/aws-sdk-go-v2/blob/internal/endpoints/v2.7.4/internal/endpoints/v2/LICENSE.txt,Apache-2.0
github.com/aws/aws-sdk-go-v2/internal/ini,https://github.com/aws/aws-sdk-go-v2/blob/internal/ini/v1.8.3/internal/ini/LICENSE.txt,Apache-2.0
github.com/aws/aws-sdk-go-v2/internal/sync/singleflight,https://github.com/aws/aws-sdk-go-v2/blob/v1.38.1/internal/sync/singleflight/LICENSE,BSD-3-Clause
github.com/aws/aws-sdk-go-v2/service/internal/accept-encoding,https://github.com/aws/aws-sdk-go-v2/blob/service/internal/accept-encoding/v1.13.0/service/internal/accept-encoding/LICENSE.txt,Apache-2.0
github.com/aws/aws-sdk-go-v2/service/internal/presigned-url,https://github.com/aws/aws-sdk-go-v2/blob/service/internal/presigned-url/v1.13.4/service/internal/presigned-url/LICENSE.txt,Apache-2.0
github.com/aws/aws-sdk-go-v2/service/sso,https://github.com/aws/aws-sdk-go-v2/blob/service/sso/v1.28.2/service/sso/LICENSE.txt,Apache-2.0
github.com/aws/aws-sdk-go-v2/service/ssooidc,https://github.com/aws/aws-sdk-go-v2/blob/service/ssooidc/v1.33.2/service/ssooidc/LICENSE.txt,Apache-2.0
github.com/aws/aws-sdk-go-v2/service/sts,https://github.com/aws/aws-sdk-go-v2/blob/service/sts/v1.38.0/service/sts/LICENSE.txt,Apache-2.0
github.com/aws/smithy-go,https://github.com/aws/smithy-go/blob/v1.22.5/LICENSE,Apache-2.0
github.com/aws/smithy-go/internal/sync/singleflight,https://github.com/aws/smithy-go/blob/v1.22.5/internal/sync/singleflight/LICENSE,BSD-3-Clause
github.com/beorn7/perks/quantile,https://github.com/beorn7/perks/blob/v1.0.1/LICENSE,MIT
github.com/blang/semver/v4,https://github.com/blang/semver/blob/v4.0.0/v4/LICENSE,MIT
github.com/caarlos0/env/v9,https://github.com/caarlos0/env/blob/v9.0.0/LICENSE.md,MIT
github.com/cenkalti/backoff/v4,https://github.com/cenkalti/backoff/blob/v4.3.0/LICENSE,MIT
github.com/cenkalti/backoff/v5,https://github.com/cenkalti/backoff/blob/v5.0.3/LICENSE,MIT
github.com/cespare/xxhash/v2,https://github.com/cespare/xxhash/blob/v2.3.0/LICENSE.txt,MIT
github.com/cilium/ebpf,https://github.com/cilium/ebpf/blob/v0.19.0/LICENSE,MIT
github.com/containers/common/pkg/cgroupv2,https://github.com/containers/common/blob/v0.64.1/LICENSE,Apache-2.0
github.com/davecgh/go-spew/spew,https://github.com/davecgh/go-spew/blob/d8f796af33cc/LICENSE,ISC
github.com/emicklei/go-restful/v3,https://github.com/emicklei/go-restful/blob/v3.12.1/LICENSE,MIT
github.com/evanphx/json-patch/v5,https://github.com/evanphx/json-patch/blob/v5.9.11/v5/LICENSE,BSD-3-Clause
github.com/felixge/httpsnoop,https://github.com/felixge/httpsnoop/blob/v1.0.4/LICENSE.txt,MIT
github.com/foxboron/go-tpm-keyfiles,https://github.com/foxboron/go-tpm-keyfiles/blob/c3c3a4ec1653/LICENSE,MIT
github.com/fsnotify/fsnotify,https://github.com/fsnotify/fsnotify/blob/v1.9.0/LICENSE,BSD-3-Clause
github.com/fxamacker/cbor/v2,https://github.com/fxamacker/cbor/blob/v2.7.0/LICENSE,MIT
github.com/gabriel-vasile/mimetype,https://github.com/gabriel-vasile/mimetype/blob/v1.4.3/LICENSE,MIT
github.com/gavv/monotime,https://github.com/gavv/monotime/blob/30dba4353424/LICENSE,Apache-2.0
github.com/gin-contrib/sse,https://github.com/gin-contrib/sse/blob/v0.1.0/LICENSE,MIT
github.com/gin-gonic/gin,https://github.com/gin-gonic/gin/blob/v1.10.1/LICENSE,MIT
github.com/go-logr/logr,https://github.com/go-logr/logr/blob/v1.4.3/LICENSE,Apache-2.0
github.com/go-logr/stdr,https://github.com/go-logr/stdr/blob/v1.2.2/LICENSE,Apache-2.0
github.com/go-openapi/jsonpointer,https://github.com/go-openapi/jsonpointer/blob/v0.21.0/LICENSE,Apache-2.0
github.com/go-openapi/jsonreference,https://github.com/go-openapi/jsonreference/blob/v0.21.0/LICENSE,Apache-2.0
github.com/go-openapi/swag,https://github.com/go-openapi/swag/blob/v0.23.0/LICENSE,Apache-2.0
github.com/go-playground/locales,https://github.com/go-playground/locales/blob/v0.14.1/LICENSE,MIT
github.com/go-playground/universal-translator,https://github.com/go-playground/universal-translator/blob/v0.18.1/LICENSE,MIT
github.com/go-playground/validator/v10,https://github.com/go-playground/validator/blob/v10.20.0/LICENSE,MIT
github.com/go-viper/mapstructure/v2,https://github.com/go-viper/mapstructure/blob/v2.4.0/LICENSE,MIT
github.com/gobwas/glob,https://github.com/gobwas/glob/blob/v0.2.3/LICENSE,MIT
github.com/gogo/protobuf,https://github.com/gogo/protobuf/blob/v1.3.2/LICENSE,BSD-3-Clause
github.com/golang/snappy,https://github.com/golang/snappy/blob/v1.0.0/LICENSE,BSD-3-Clause
github.com/google/btree,https://github.com/google/btree/blob/v1.1.3/LICENSE,Apache-2.0
github.com/google/gnostic-models,https://github.com/google/gnostic-models/blob/v0.6.9/LICENSE,Apache-2.0
github.com/google/go-cmp/cmp,https://github.com/google/go-cmp/blob/v0.7.0/LICENSE,BSD-3-Clause
github.com/google/go-tpm,https://github.com/google/go-tpm/blob/v0.9.5/LICENSE,Apache-2.0
github.com/google/uuid,https://github.com/google/uuid/blob/v1.6.0/LICENSE,BSD-3-Clause
github.com/gorilla/mux,https://github.com/gorilla/mux/blob/v1.8.1/LICENSE,BSD-3-Clause
github.com/gorilla/websocket,https://github.com/gorilla/websocket/blob/e064f32e3674/LICENSE,BSD-2-Clause
github.com/grafana/go-offsets-tracker/pkg,https://github.com/grafana/go-offsets-tracker/blob/v0.1.7/LICENSE,Apache-2.0
github.com/grafana/jvmtools,https://github.com/grafana/jvmtools/blob/v0.0.3/LICENSE,Apache-2.0
github.com/grpc-ecosystem/grpc-gateway/v2,https://github.com/grpc-ecosystem/grpc-gateway/blob/v2.25.1/LICENSE,BSD-3-Clause
github.com/hashicorp/go-version,https://github.com/hashicorp/go-version/blob/v1.7.0/LICENSE,MPL-2.0
github.com/hashicorp/golang-lru/v2,https://github.com/hashicorp/golang-lru/blob/v2.0.7/LICENSE,MPL-2.0
github.com/hashicorp/golang-lru/v2/simplelru,https://github.com/hashicorp/golang-lru/blob/v2.0.7/simplelru/LICENSE_list,BSD-3-Clause
github.com/ianlancetaylor/demangle,https://github.com/ianlancetaylor/demangle/blob/2d64ad6b7ec5/LICENSE,BSD-3-Clause
github.com/josharian/intern,https://github.com/josharian/intern/blob/v1.0.0/license.md,MIT
github.com/json-iterator/go,https://github.com/json-iterator/go/blob/v1.1.12/LICENSE,MIT
github.com/klauspost/compress,https://github.com/klauspost/compress/blob/v1.18.0/LICENSE,MIT
github.com/klauspost/compress,https://github.com/klauspost/compress/blob/v1.18.0/LICENSE,Apache-2.0
github.com/klauspost/compress,https://github.com/klauspost/compress/blob/v1.18.0/LICENSE,BSD-3-Clause
github.com/klauspost/compress/internal/snapref,https://github.com/klauspost/compress/blob/v1.18.0/internal/snapref/LICENSE,BSD-3-Clause
github.com/klauspost/compress/zstd/internal/xxhash,https://github.com/klauspost/compress/blob/v1.18.0/zstd/internal/xxhash/LICENSE.txt,MIT
github.com/knadh/koanf/maps,https://github.com/knadh/koanf/blob/maps/v0.1.2/maps/LICENSE,MIT
github.com/knadh/koanf/providers/confmap,https://github.com/knadh/koanf/blob/providers/confmap/v1.0.0/providers/confmap/LICENSE,MIT
github.com/knadh/koanf/v2,https://github.com/knadh/koanf/blob/v2.2.2/LICENSE,MIT
github.com/leodido/go-urn,https://github.com/leodido/go-urn/blob/v1.4.0/LICENSE,MIT
github.com/mailru/easyjson,https://github.com/mailru/easyjson/blob/v0.7.7/LICENSE,MIT
github.com/mariomac/guara/pkg/test,https://github.com/mariomac/guara/blob/1e4dbdfb7136/LICENSE,Apache-2.0
github.com/mattn/go-isatty,https://github.com/mattn/go-isatty/blob/v0.0.20/LICENSE,MIT
github.com/mitchellh/copystructure,https://github.com/mitchellh/copystructure/blob/v1.2.0/LICENSE,MIT
github.com/mitchellh/reflectwalk,https://github.com/mitchellh/reflectwalk/blob/v1.0.2/LICENSE,MIT
github.com/moby/spdystream,https://github.com/moby/spdystream/blob/v0.5.0/LICENSE,Apache-2.0
github.com/modern-go/concurrent,https://github.com/modern-go/concurrent/blob/bacd9c7ef1dd/LICENSE,Apache-2.0
github.com/modern-go/reflect2,https://github.com/modern-go/reflect2/blob/35a7c28c31ee/LICENSE,Apache-2.0
github.com/mostynb/go-grpc-compression,https://github.com/mostynb/go-grpc-compression/blob/v1.2.3/LICENSE,Apache-2.0
github.com/munnerz/goautoneg,https://github.com/munnerz/goautoneg/blob/a7dc8b61c822/LICENSE,BSD-3-Clause
github.com/mxk/go-flowrate/flowrate,https://github.com/mxk/go-flowrate/blob/cca7078d478f/LICENSE,BSD-3-Clause
github.com/pelletier/go-toml/v2,https://github.com/pelletier/go-toml/blob/v2.2.2/LICENSE,MIT
github.com/pierrec/lz4/v4,https://github.com/pierrec/lz4/blob/v4.1.22/LICENSE,BSD-3-Clause
github.com/pkg/errors,https://github.com/pkg/errors/blob/v0.9.1/LICENSE,BSD-2-Clause
github.com/pmezard/go-difflib/difflib,https://github.com/pmezard/go-difflib/blob/5d4384ee4fb2/LICENSE,BSD-3-Clause
github.com/prometheus/client_golang/internal/github.com/golang/gddo/httputil,https://github.com/prometheus/client_golang/blob/v1.23.0/internal/github.com/golang/gddo/LICENSE,BSD-3-Clause
github.com/prometheus/client_golang/prometheus,https://github.com/prometheus/client_golang/blob/v1.23.0/LICENSE,Apache-2.0
github.com/prometheus/client_model/go,https://github.com/prometheus/client_model/blob/v0.6.2/LICENSE,Apache-2.0
github.com/prometheus/common,https://github.com/prometheus/common/blob/v0.65.0/LICENSE,Apache-2.0
github.com/prometheus/procfs,https://github.com/prometheus/procfs/blob/v0.17.0/LICENSE,Apache-2.0
github.com/rs/cors,https://github.com/rs/cors/blob/v1.11.1/LICENSE,MIT
github.com/shirou/gopsutil/v3,https://github.com/shirou/gopsutil/blob/v3.24.5/LICENSE,BSD-3-Clause
github.com/spf13/pflag,https://github.com/spf13/pflag/blob/v1.0.6/LICENSE,BSD-3-Clause
github.com/stretchr/testify,https://github.com/stretchr/testify/blob/v1.10.0/LICENSE,MIT
github.com/tklauser/go-sysconf,https://github.com/tklauser/go-sysconf/blob/v0.3.12/LICENSE,BSD-3-Clause
github.com/tklauser/numcpus,https://github.com/tklauser/numcpus/blob/v0.6.1/LICENSE,Apache-2.0
github.com/ugorji/go/codec,https://github.com/ugorji/go/blob/codec/v1.2.12/codec/LICENSE,MIT
github.com/vishvananda/netlink,https://github.com/vishvananda/netlink/blob/v1.3.1/LICENSE,Apache-2.0
github.com/vishvananda/netns,https://github.com/vishvananda/netns/blob/v0.0.5/LICENSE,Apache-2.0
github.com/vladimirvivien/gexe,https://github.com/vladimirvivien/gexe/blob/v0.5.0/LICENSE,MIT
github.com/x448/float16,https://github.com/x448/float16/blob/v0.8.4/LICENSE,MIT
github.com/xwb1989/sqlparser,https://github.com/xwb1989/sqlparser/blob/120387863bf2/LICENSE.md,Apache-2.0
github.com/yl2chen/cidranger,https://github.com/yl2chen/cidranger/blob/v1.0.2/LICENSE,MIT
go.mongodb.org/mongo-driver/v2,https://github.com/mongodb/mongo-go-driver/blob/v2.3.0/LICENSE,Apache-2.0
go.opentelemetry.io/auto/sdk,https://github.com/open-telemetry/opentelemetry-go-instrumentation/blob/sdk/v1.1.0/sdk/LICENSE,Apache-2.0
go.opentelemetry.io/collector/client,https://github.com/open-telemetry/opentelemetry-collector/blob/client/v1.39.0/client/LICENSE,Apache-2.0
go.opentelemetry.io/collector/component,https://github.com/open-telemetry/opentelemetry-collector/blob/component/v1.39.0/component/LICENSE,Apache-2.0
go.opentelemetry.io/collector/config/configauth,https://github.com/open-telemetry/opentelemetry-collector/blob/config/configauth/v0.133.0/config/configauth/LICENSE,Apache-2.0
go.opentelemetry.io/collector/config/configcompression,https://github.com/open-telemetry/opentelemetry-collector/blob/config/configcompression/v1.39.0/config/configcompression/LICENSE,Apache-2.0
go.opentelemetry.io/collector/config/configgrpc,https://github.com/open-telemetry/opentelemetry-collector/blob/config/configgrpc/v0.133.0/config/configgrpc/LICENSE,Apache-2.0
go.opentelemetry.io/collector/config/confighttp,https://github.com/open-telemetry/opentelemetry-collector/blob/config/confighttp/v0.133.0/config/confighttp/LICENSE,Apache-2.0
go.opentelemetry.io/collector/config/configmiddleware,https://github.com/open-telemetry/opentelemetry-collector/blob/config/configmiddleware/v0.133.0/config/configmiddleware/LICENSE,Apache-2.0
go.opentelemetry.io/collector/config/confignet,https://github.com/open-telemetry/opentelemetry-collector/blob/config/confignet/v1.39.0/config/confignet/LICENSE,Apache-2.0
go.opentelemetry.io/collector/config/configopaque,https://github.com/open-telemetry/opentelemetry-collector/blob/config/configopaque/v1.39.0/config/configopaque/LICENSE,Apache-2.0
go.opentelemetry.io/collector/config/configoptional,https://github.com/open-telemetry/opentelemetry-collector/blob/config/configoptional/v0.133.0/config/configoptional/LICENSE,Apache-2.0
go.opentelemetry.io/collector/config/configretry,https://github.com/open-telemetry/opentelemetry-collector/blob/config/configretry/v1.39.0/config/configretry/LICENSE,Apache-2.0
go.opentelemetry.io/collector/config/configtls,https://github.com/open-telemetry/opentelemetry-collector/blob/config/configtls/v1.39.0/config/configtls/LICENSE,Apache-2.0
go.opentelemetry.io/collector/confmap,https://github.com/open-telemetry/opentelemetry-collector/blob/confmap/v1.39.0/confmap/LICENSE,Apache-2.0
go.opentelemetry.io/collector/confmap/xconfmap,https://github.com/open-telemetry/opentelemetry-collector/blob/confmap/xconfmap/v0.133.0/confmap/xconfmap/LICENSE,Apache-2.0
go.opentelemetry.io/collector/consumer,https://github.com/open-telemetry/opentelemetry-collector/blob/consumer/v1.39.0/consumer/LICENSE,Apache-2.0
go.opentelemetry.io/collector/consumer/consumererror,https://github.com/open-telemetry/opentelemetry-collector/blob/consumer/consumererror/v0.133.0/consumer/consumererror/LICENSE,Apache-2.0
go.opentelemetry.io/collector/consumer/consumererror/xconsumererror,https://github.com/open-telemetry/opentelemetry-collector/blob/consumer/consumererror/xconsumererror/v0.133.0/consumer/consumererror/xconsumererror/LICENSE,Apache-2.0
go.opentelemetry.io/collector/consumer/xconsumer,https://github.com/open-telemetry/opentelemetry-collector/blob/consumer/xconsumer/v0.133.0/consumer/xconsumer/LICENSE,Apache-2.0
go.opentelemetry.io/collector/exporter,https://github.com/open-telemetry/opentelemetry-collector/blob/exporter/v0.133.0/exporter/LICENSE,Apache-2.0
go.opentelemetry.io/collector/exporter/exporterhelper/xexporterhelper,https://github.com/open-telemetry/opentelemetry-collector/blob/exporter/exporterhelper/xexporterhelper/v0.133.0/exporter/exporterhelper/xexporterhelper/LICENSE,Apache-2.0
go.opentelemetry.io/collector/exporter/otlpexporter,https://github.com/open-telemetry/opentelemetry-collector/blob/exporter/otlpexporter/v0.133.0/exporter/otlpexporter/LICENSE,Apache-2.0
go.opentelemetry.io/collector/exporter/otlphttpexporter,https://github.com/open-telemetry/opentelemetry-collector/blob/exporter/otlphttpexporter/v0.133.0/exporter/otlphttpexporter/LICENSE,Apache-2.0
go.opentelemetry.io/collector/exporter/xexporter,https://github.com/open-telemetry/opentelemetry-collector/blob/exporter/xexporter/v0.133.0/exporter/xexporter/LICENSE,Apache-2.0
go.opentelemetry.io/collector/extension,https://github.com/open-telemetry/opentelemetry-collector/blob/extension/v1.39.0/extension/LICENSE,Apache-2.0
go.opentelemetry.io/collector/extension/extensionauth,https://github.com/open-telemetry/opentelemetry-collector/blob/extension/extensionauth/v1.39.0/extension/extensionauth/LICENSE,Apache-2.0
go.opentelemetry.io/collector/extension/extensionmiddleware,https://github.com/open-telemetry/opentelemetry-collector/blob/extension/extensionmiddleware/v0.133.0/extension/extensionmiddleware/LICENSE,Apache-2.0
go.opentelemetry.io/collector/extension/xextension/storage,https://github.com/open-telemetry/opentelemetry-collector/blob/extension/xextension/v0.133.0/extension/xextension/LICENSE,Apache-2.0
go.opentelemetry.io/collector/featuregate,https://github.com/open-telemetry/opentelemetry-collector/blob/featuregate/v1.39.0/featuregate/LICENSE,Apache-2.0
go.opentelemetry.io/collector/internal/statusutil,https://github.com/open-telemetry/opentelemetry-collector/blob/v0.133.0/LICENSE,Apache-2.0
go.opentelemetry.io/collector/internal/telemetry,https://github.com/open-telemetry/opentelemetry-collector/blob/internal/telemetry/v0.133.0/internal/telemetry/LICENSE,Apache-2.0
go.opentelemetry.io/collector/pdata,https://github.com/open-telemetry/opentelemetry-collector/blob/pdata/v1.39.0/pdata/LICENSE,Apache-2.0
go.opentelemetry.io/collector/pdata/pprofile,https://github.com/open-telemetry/opentelemetry-collector/blob/pdata/pprofile/v0.133.0/pdata/pprofile/LICENSE,Apache-2.0
go.opentelemetry.io/collector/pdata/xpdata,https://github.com/open-telemetry/opentelemetry-collector/blob/pdata/xpdata/v0.133.0/pdata/xpdata/LICENSE,Apache-2.0
go.opentelemetry.io/collector/pipeline,https://github.com/open-telemetry/opentelemetry-collector/blob/pipeline/v1.39.0/pipeline/LICENSE,Apache-2.0
go.opentelemetry.io/collector/pipeline/xpipeline,https://github.com/open-telemetry/opentelemetry-collector/blob/pipeline/xpipeline/v0.133.0/pipeline/xpipeline/LICENSE,Apache-2.0
go.opentelemetry.io/contrib/bridges/otelzap,https://github.com/open-telemetry/opentelemetry-go-contrib/blob/bridges/otelzap/v0.12.0/bridges/otelzap/LICENSE,Apache-2.0
go.opentelemetry.io/contrib/detectors/aws/ec2/v2,https://github.com/open-telemetry/opentelemetry-go-contrib/blob/6a3469c36487/detectors/aws/ec2/v2/LICENSE,Apache-2.0
go.opentelemetry.io/contrib/detectors/aws/ec2/v2,https://github.com/open-telemetry/opentelemetry-go-contrib/blob/6a3469c36487/detectors/aws/ec2/v2/LICENSE,BSD-3-Clause
go.opentelemetry.io/contrib/detectors/aws/eks,https://github.com/open-telemetry/opentelemetry-go-contrib/blob/detectors/aws/eks/v1.28.0/detectors/aws/eks/LICENSE,Apache-2.0
go.opentelemetry.io/contrib/detectors/azure/azurevm,https://github.com/open-telemetry/opentelemetry-go-contrib/blob/detectors/azure/azurevm/v0.0.1/detectors/azure/azurevm/LICENSE,Apache-2.0
go.opentelemetry.io/contrib/detectors/gcp,https://github.com/open-telemetry/opentelemetry-go-contrib/blob/detectors/gcp/v1.36.0/detectors/gcp/LICENSE,Apache-2.0
go.opentelemetry.io/contrib/instrumentation/google.golang.org/grpc/otelgrpc,https://github.com/open-telemetry/opentelemetry-go-contrib/blob/instrumentation/google.golang.org/grpc/otelgrpc/v0.62.0/instrumentation/google.golang.org/grpc/otelgrpc/LICENSE,Apache-2.0
go.opentelemetry.io/contrib/instrumentation/net/http/otelhttp,https://github.com/open-telemetry/opentelemetry-go-contrib/blob/instrumentation/net/http/otelhttp/v0.62.0/instrumentation/net/http/otelhttp/LICENSE,Apache-2.0
go.opentelemetry.io/obi,https://github.com/open-telemetry/opentelemetry-ebpf-instrumentation/blob/HEAD/LICENSE,Apache-2.0
go.opentelemetry.io/otel,https://github.com/open-telemetry/opentelemetry-go/blob/v1.37.0/LICENSE,Apache-2.0
go.opentelemetry.io/otel/exporters/otlp/otlpmetric/otlpmetricgrpc,https://github.com/open-telemetry/opentelemetry-go/blob/exporters/otlp/otlpmetric/otlpmetricgrpc/v1.34.0/exporters/otlp/otlpmetric/otlpmetricgrpc/LICENSE,Apache-2.0
go.opentelemetry.io/otel/exporters/otlp/otlpmetric/otlpmetrichttp,https://github.com/open-telemetry/opentelemetry-go/blob/exporters/otlp/otlpmetric/otlpmetrichttp/v1.34.0/exporters/otlp/otlpmetric/otlpmetrichttp/LICENSE,Apache-2.0
go.opentelemetry.io/otel/exporters/otlp/otlptrace,https://github.com/open-telemetry/opentelemetry-go/blob/exporters/otlp/otlptrace/v1.34.0/exporters/otlp/otlptrace/LICENSE,Apache-2.0
go.opentelemetry.io/otel/exporters/otlp/otlptrace/otlptracegrpc,https://github.com/open-telemetry/opentelemetry-go/blob/exporters/otlp/otlptrace/otlptracegrpc/v1.34.0/exporters/otlp/otlptrace/otlptracegrpc/LICENSE,Apache-2.0
go.opentelemetry.io/otel/exporters/otlp/otlptrace/otlptracehttp,https://github.com/open-telemetry/opentelemetry-go/blob/exporters/otlp/otlptrace/otlptracehttp/v1.34.0/exporters/otlp/otlptrace/otlptracehttp/LICENSE,Apache-2.0
go.opentelemetry.io/otel/log,https://github.com/open-telemetry/opentelemetry-go/blob/log/v0.13.0/log/LICENSE,Apache-2.0
go.opentelemetry.io/otel/metric,https://github.com/open-telemetry/opentelemetry-go/blob/metric/v1.37.0/metric/LICENSE,Apache-2.0
go.opentelemetry.io/otel/sdk,https://github.com/open-telemetry/opentelemetry-go/blob/sdk/v1.37.0/sdk/LICENSE,Apache-2.0
go.opentelemetry.io/otel/sdk/metric,https://github.com/open-telemetry/opentelemetry-go/blob/sdk/metric/v1.37.0/sdk/metric/LICENSE,Apache-2.0
go.opentelemetry.io/otel/trace,https://github.com/open-telemetry/opentelemetry-go/blob/trace/v1.37.0/trace/LICENSE,Apache-2.0
go.opentelemetry.io/proto/otlp,https://github.com/open-telemetry/opentelemetry-proto-go/blob/otlp/v1.5.0/otlp/LICENSE,Apache-2.0
go.uber.org/multierr,https://github.com/uber-go/multierr/blob/v1.11.0/LICENSE.txt,MIT
go.uber.org/zap,https://github.com/uber-go/zap/blob/v1.27.0/LICENSE,MIT
go.yaml.in/yaml/v2,https://github.com/yaml/go-yaml/blob/v2.4.2/LICENSE,Apache-2.0
go.yaml.in/yaml/v3,https://github.com/yaml/go-yaml/blob/v3.0.4/LICENSE,MIT
golang.org/x/arch/x86/x86asm,https://cs.opensource.google/go/x/arch/+/v0.20.0:LICENSE,BSD-3-Clause
golang.org/x/crypto,https://cs.opensource.google/go/x/crypto/+/v0.41.0:LICENSE,BSD-3-Clause
golang.org/x/mod/semver,https://cs.opensource.google/go/x/mod/+/v0.27.0:LICENSE,BSD-3-Clause
golang.org/x/net,https://cs.opensource.google/go/x/net/+/v0.43.0:LICENSE,BSD-3-Clause
golang.org/x/oauth2,https://cs.opensource.google/go/x/oauth2/+/v0.30.0:LICENSE,BSD-3-Clause
golang.org/x/sync/errgroup,https://cs.opensource.google/go/x/sync/+/v0.16.0:LICENSE,BSD-3-Clause
golang.org/x/sys,https://cs.opensource.google/go/x/sys/+/v0.35.0:LICENSE,BSD-3-Clause
golang.org/x/term,https://cs.opensource.google/go/x/term/+/v0.34.0:LICENSE,BSD-3-Clause
golang.org/x/text,https://cs.opensource.google/go/x/text/+/v0.28.0:LICENSE,BSD-3-Clause
golang.org/x/time/rate,https://cs.opensource.google/go/x/time/+/v0.9.0:LICENSE,BSD-3-Clause
gomodules.xyz/jsonpatch/v2,https://github.com/gomodules/jsonpatch/blob/v2.4.0/v2/LICENSE,Apache-2.0
google.golang.org/genproto/googleapis/api/httpbody,https://github.com/googleapis/go-genproto/blob/8d1bb00bc6a7/googleapis/api/LICENSE,Apache-2.0
google.golang.org/genproto/googleapis/rpc,https://github.com/googleapis/go-genproto/blob/a7a43d27e69b/googleapis/rpc/LICENSE,Apache-2.0
google.golang.org/grpc,https://github.com/grpc/grpc-go/blob/v1.75.0/LICENSE,Apache-2.0
google.golang.org/protobuf,https://github.com/protocolbuffers/protobuf-go/blob/v1.36.8/LICENSE,BSD-3-Clause
gopkg.in/evanphx/json-patch.v4,https://github.com/evanphx/json-patch/blob/v4.12.0/LICENSE,BSD-3-Clause
gopkg.in/inf.v0,https://github.com/go-inf/inf/blob/v0.9.1/LICENSE,BSD-3-Clause
gopkg.in/yaml.v3,https://github.com/go-yaml/yaml/blob/v3.0.1/LICENSE,MIT
k8s.io/api,https://github.com/kubernetes/api/blob/v0.33.4/LICENSE,Apache-2.0
k8s.io/apiextensions-apiserver/pkg,https://github.com/kubernetes/apiextensions-apiserver/blob/v0.33.0/LICENSE,Apache-2.0
k8s.io/apimachinery/pkg,https://github.com/kubernetes/apimachinery/blob/v0.33.4/LICENSE,Apache-2.0
k8s.io/apimachinery/third_party/forked/golang,https://github.com/kubernetes/apimachinery/blob/v0.33.4/third_party/forked/golang/LICENSE,BSD-3-Clause
k8s.io/client-go,https://github.com/kubernetes/client-go/blob/v0.33.4/LICENSE,Apache-2.0
k8s.io/component-base,https://github.com/kubernetes/component-base/blob/v0.33.0/LICENSE,Apache-2.0
k8s.io/klog/v2,https://github.com/kubernetes/klog/blob/v2.130.1/LICENSE,Apache-2.0
k8s.io/kube-openapi/pkg,https://github.com/kubernetes/kube-openapi/blob/c8a335a9a2ff/LICENSE,Apache-2.0
k8s.io/kube-openapi/pkg/internal/third_party/go-json-experiment/json,https://github.com/kubernetes/kube-openapi/blob/c8a335a9a2ff/pkg/internal/third_party/go-json-experiment/json/LICENSE,BSD-3-Clause
k8s.io/kube-openapi/pkg/validation/spec,https://github.com/kubernetes/kube-openapi/blob/c8a335a9a2ff/pkg/validation/spec/LICENSE,Apache-2.0
k8s.io/utils,https://github.com/kubernetes/utils/blob/3ea5e8cea738/LICENSE,Apache-2.0
k8s.io/utils/internal/third_party/forked/golang,https://github.com/kubernetes/utils/blob/3ea5e8cea738/internal/third_party/forked/golang/LICENSE,BSD-3-Clause
sigs.k8s.io/controller-runtime,https://github.com/kubernetes-sigs/controller-runtime/blob/v0.21.0/LICENSE,Apache-2.0
sigs.k8s.io/e2e-framework,https://github.com/kubernetes-sigs/e2e-framework/blob/v0.6.0/LICENSE,Apache-2.0
sigs.k8s.io/json,https://github.com/kubernetes-sigs/json/blob/9aa6b5e7a4b3/LICENSE,Apache-2.0
sigs.k8s.io/json,https://github.com/kubernetes-sigs/json/blob/9aa6b5e7a4b3/LICENSE,BSD-3-Clause
sigs.k8s.io/randfill,https://github.com/kubernetes-sigs/randfill/blob/v1.0.0/LICENSE,Apache-2.0
sigs.k8s.io/structured-merge-diff/v4,https://github.com/kubernetes-sigs/structured-merge-diff/blob/v4.6.0/LICENSE,Apache-2.0
sigs.k8s.io/yaml,https://github.com/kubernetes-sigs/yaml/blob/v1.5.0/LICENSE,MIT
sigs.k8s.io/yaml,https://github.com/kubernetes-sigs/yaml/blob/v1.5.0/LICENSE,Apache-2.0
sigs.k8s.io/yaml,https://github.com/kubernetes-sigs/yaml/blob/v1.5.0/LICENSE,BSD-3-Clause
